array_FCvCNVgeneSet_names,arrayPCTVAR_global,arrayRandGeneSetPval_global
FC16p_v_16pGene,24.2230066371962,0.1782
FC16p_v_22qGene,14.5282288033089,0.7577
FC22q_v_16pGene,35.3231739668077,0.9536
FC22q_v_22qGene,43.2436414279973,0.8211
